customer_id,product_id,category,price,ratings,page_views,time_spent,purchase_day,purchase_month,purchase_year
1,101,Electronics,500,4.5,25,120,1,1,2023
1,105,Electronics,800,4.8,25,120,5,1,2023
5,101,Electronics,500,4.5,22,110,5,1,2023
2,102,Clothing,50,3.8,20,90,2,1,2023
3,103,Home & Kitchen,200,4.2,30,150,3,1,2023
4,104,Beauty,30,4.0,15,80,4,1,2023
6,106,Clothing,800,3.9,25,103,1,1,2023
7,107,Home & Kitchen,400,4.5,21,111,1,1,2023
8,111,Clothing,1000,4.9,25,159,1,1,2023
9,110,Clothing,70,4.9,17,178,2,1,2023
10,101,Electronics,500,3.7,18,100,2,1,2023
11,104,Electronics,30,3.7,16,113,2,1,2023
12,104,Home & Kitchen,30,4.2,18,156,3,1,2023
13,112,Electronics,850,3.1,13,69,3,1,2023
14,114,Electronics,125,3.0,23,157,3,1,2023
15,107,Home & Kitchen,400,4.5,14,62,4,1,2023
16,114,Beauty,125,4.7,26,85,4,1,2023
17,107,Beauty,400,5.0,20,120,4,1,2023
18,106,Electronics,800,4.9,23,173,5,1,2023
19,101,Electronics,500,5.0,27,138,5,1,2023
20,114,Clothing,125,3.7,19,103,5,1,2023
21,101,Home & Kitchen,500,3.8,23,162,6,1,2023
22,106,Electronics,800,3.3,20,75,6,1,2023
23,113,Home & Kitchen,450,4.5,20,133,6,1,2023
24,110,Home & Kitchen,70,4.4,20,166,7,1,2023
25,102,Home & Kitchen,50,3.9,21,72,7,1,2023
26,114,Electronics,125,4.3,21,68,7,1,2023
27,112,Electronics,850,4.2,24,150,8,1,2023
28,105,Clothing,60,3.8,17,84,8,1,2023
29,106,Electronics,800,3.1,13,79,8,1,2023
30,115,Electronics,950,4.3,19,150,9,1,2023
31,108,Beauty,120,4.2,15,175,9,1,2023
32,112,Clothing,850,3.1,10,121,9,1,2023
33,105,Home & Kitchen,60,4.7,22,78,10,1,2023
34,107,Home & Kitchen,400,4.5,18,62,10,1,2023
35,116,Clothing,700,4.9,25,167,10,1,2023
36,113,Clothing,450,4.3,16,83,11,1,2023
37,108,Home & Kitchen,120,3.4,16,179,11,1,2023
38,110,Electronics,70,4.6,27,134,11,1,2023
39,105,Home & Kitchen,60,4.1,26,95,12,1,2023
40,116,Clothing,700,3.5,16,90,12,1,2023
41,112,Electronics,850,4.9,22,122,12,1,2023
42,111,Electronics,1000,3.4,27,154,13,1,2023
43,115,Home & Kitchen,950,4.4,20,119,13,1,2023
44,101,Home & Kitchen,500,3.9,19,126,13,1,2023
45,106,Beauty,800,3.3,10,76,14,1,2023
46,108,Electronics,120,3.6,26,173,14,1,2023
47,106,Electronics,800,3.5,18,178,14,1,2023
48,115,Electronics,950,5.0,12,138,15,1,2023
49,109,Beauty,90,3.1,28,166,15,1,2023
50,116,Electronics,700,3.7,11,80,15,1,2023
51,104,Clothing,30,3.2,10,110,16,1,2023
52,101,Clothing,500,3.9,24,175,16,1,2023
53,101,Home & Kitchen,500,3.2,26,160,16,1,2023
54,104,Clothing,30,4.7,12,179,17,1,2023
55,108,Clothing,120,3.6,23,94,17,1,2023
56,102,Electronics,50,3.0,19,114,17,1,2023
57,115,Beauty,950,3.3,22,143,18,1,2023
58,101,Electronics,500,3.6,24,70,18,1,2023
59,107,Electronics,400,3.5,24,175,18,1,2023
60,104,Home & Kitchen,30,4.6,11,71,19,1,2023
61,108,Home & Kitchen,120,3.2,28,144,19,1,2023
62,108,Home & Kitchen,120,4.3,19,162,19,1,2023
63,115,Electronics,950,4.4,19,169,20,1,2023
64,105,Home & Kitchen,60,4.5,25,74,20,1,2023
65,111,Home & Kitchen,1000,4.1,14,75,20,1,2023
66,114,Home & Kitchen,125,4.5,25,166,21,1,2023
67,107,Home & Kitchen,400,3.4,27,103,21,1,2023
68,104,Home & Kitchen,30,4.1,15,153,21,1,2023
69,105,Electronics,60,3.2,25,121,22,1,2023
70,109,Electronics,90,3.6,23,60,22,1,2023
71,109,Home & Kitchen,90,3.0,28,103,22,1,2023
72,113,Electronics,450,4.7,13,88,23,1,2023
73,114,Electronics,125,4.3,29,81,23,1,2023
74,108,Beauty,120,3.8,23,174,23,1,2023
75,102,Beauty,50,4.7,17,90,24,1,2023
76,111,Electronics,1000,4.8,16,153,24,1,2023
77,108,Electronics,120,3.8,25,130,24,1,2023
78,110,Beauty,70,4.2,11,120,25,1,2023
79,110,Electronics,70,3.7,12,146,25,1,2023
80,104,Beauty,30,3.0,18,146,25,1,2023
81,111,Clothing,1000,3.7,15,141,26,1,2023
82,103,Home & Kitchen,200,3.5,28,115,26,1,2023
83,105,Electronics,60,3.8,28,93,26,1,2023
84,104,Beauty,30,4.1,23,71,27,1,2023
85,103,Electronics,200,3.5,13,130,27,1,2023
86,116,Electronics,700,4.9,25,106,27,1,2023
87,107,Beauty,400,4.9,25,137,28,1,2023
88,107,Home & Kitchen,400,3.7,28,131,28,1,2023
89,107,Home & Kitchen,400,4.6,11,100,28,1,2023
90,108,Electronics,120,4.7,17,147,29,1,2023
91,108,Electronics,120,3.7,21,179,29,1,2023
92,114,Electronics,125,4.2,23,166,29,1,2023
93,103,Beauty,200,4.9,22,82,30,1,2023
94,105,Beauty,60,3.1,20,168,30,1,2023
95,103,Electronics,200,3.1,29,107,30,1,2023
96,110,Beauty,70,4.6,25,89,31,1,2023
97,109,Home & Kitchen,90,3.4,21,101,31,1,2023
98,107,Home & Kitchen,400,3.7,20,98,31,1,2023
99,105,Home & Kitchen,60,3.9,14,148,1,2,2023
100,116,Home & Kitchen,700,4.2,22,89,1,2,2023
101,103,Home & Kitchen,200,4.4,25,85,1,2,2023
102,105,Electronics,60,3.6,20,75,2,2,2023
103,110,Electronics,70,3.6,28,125,2,2,2023
104,104,Beauty,30,3.8,18,132,2,2,2023
105,112,Clothing,850,4.3,16,79,3,2,2023
106,110,Electronics,70,4.3,28,139,3,2,2023
107,112,Home & Kitchen,850,3.9,10,75,3,2,2023
108,109,Beauty,90,4.0,23,105,4,2,2023
109,105,Clothing,60,4.0,11,101,4,2,2023
110,110,Home & Kitchen,70,4.5,11,80,4,2,2023
111,111,Electronics,1000,3.1,11,179,5,2,2023
112,110,Home & Kitchen,70,4.1,12,128,5,2,2023
113,105,Beauty,60,3.4,13,126,5,2,2023
114,103,Home & Kitchen,200,4.1,19,155,6,2,2023
115,104,Electronics,30,3.1,18,165,6,2,2023
116,116,Electronics,700,4.0,22,112,6,2,2023
117,109,Home & Kitchen,90,5.0,18,74,7,2,2023
118,104,Home & Kitchen,30,3.3,26,79,7,2,2023
119,106,Beauty,800,4.8,16,152,7,2,2023
120,112,Electronics,850,4.1,18,174,8,2,2023
121,105,Clothing,60,3.1,25,150,8,2,2023
122,112,Clothing,850,4.4,13,109,8,2,2023
123,105,Clothing,60,4.9,21,100,9,2,2023
124,111,Electronics,1000,3.6,28,144,9,2,2023
125,113,Home & Kitchen,450,4.9,16,63,9,2,2023
126,102,Home & Kitchen,50,3.2,17,149,10,2,2023
127,109,Electronics,90,4.5,21,114,10,2,2023
128,116,Clothing,700,4.0,19,123,10,2,2023
129,104,Electronics,30,4.4,13,158,11,2,2023
130,104,Electronics,30,3.2,20,104,11,2,2023
131,115,Beauty,950,3.3,22,69,11,2,2023
132,103,Home & Kitchen,200,3.4,26,149,12,2,2023
133,107,Electronics,400,3.1,25,97,12,2,2023
134,112,Electronics,850,3.5,10,65,12,2,2023
135,108,Clothing,120,4.2,12,150,13,2,2023
136,115,Electronics,950,3.6,23,171,13,2,2023
137,102,Electronics,50,3.5,23,92,13,2,2023
138,110,Beauty,70,4.0,21,164,14,2,2023
139,109,Beauty,90,3.1,12,119,14,2,2023
140,104,Electronics,30,4.9,15,134,14,2,2023
141,103,Beauty,200,3.3,10,89,15,2,2023
142,113,Beauty,450,3.9,10,158,15,2,2023
143,110,Beauty,70,3.1,10,69,15,2,2023
144,113,Electronics,450,3.4,27,99,16,2,2023
145,114,Clothing,125,4.6,24,177,16,2,2023
146,111,Electronics,1000,3.8,13,64,16,2,2023
147,108,Electronics,120,4.6,28,175,17,2,2023
148,104,Beauty,30,3.6,23,66,17,2,2023
149,114,Beauty,125,4.2,27,118,17,2,2023
150,106,Beauty,800,4.4,20,119,18,2,2023
151,110,Electronics,70,4.3,11,174,18,2,2023
152,107,Clothing,400,4.9,19,93,18,2,2023
153,106,Electronics,800,3.5,14,98,19,2,2023
154,102,Electronics,50,3.3,26,144,19,2,2023
155,104,Electronics,30,4.1,16,175,19,2,2023
156,113,Beauty,450,4.2,19,153,20,2,2023
157,112,Home & Kitchen,850,4.8,17,71,20,2,2023
158,114,Home & Kitchen,125,4.2,15,141,20,2,2023
159,111,Beauty,1000,4.2,11,108,21,2,2023
160,107,Electronics,400,3.3,12,166,21,2,2023
161,101,Beauty,500,4.9,20,80,21,2,2023
162,107,Electronics,400,3.9,14,93,22,2,2023
163,116,Clothing,700,3.6,23,105,22,2,2023
164,101,Electronics,500,3.8,15,129,22,2,2023
165,101,Beauty,500,4.0,17,144,23,2,2023
166,107,Clothing,400,4.5,26,111,23,2,2023
167,115,Beauty,950,4.9,13,88,23,2,2023
168,116,Home & Kitchen,700,4.1,19,88,24,2,2023
169,101,Electronics,500,4.4,11,168,24,2,2023
170,114,Clothing,125,4.1,26,169,24,2,2023
171,112,Electronics,850,4.8,25,108,25,2,2023
172,101,Home & Kitchen,500,3.7,20,149,25,2,2023
173,113,Clothing,450,3.3,15,125,25,2,2023
174,105,Beauty,60,3.3,19,94,26,2,2023
175,116,Electronics,700,4.0,16,148,26,2,2023
176,111,Home & Kitchen,1000,3.9,20,168,26,2,2023
177,108,Electronics,120,3.3,18,82,27,2,2023
178,111,Electronics,1000,3.8,23,147,27,2,2023
179,103,Beauty,200,4.1,28,164,27,2,2023
180,107,Beauty,400,3.6,15,167,28,2,2023
181,103,Clothing,200,3.5,28,166,28,2,2023
182,101,Beauty,500,4.3,10,67,28,2,2023
183,112,Electronics,850,3.1,22,64,1,3,2023
184,113,Electronics,450,3.3,15,113,1,3,2023
185,108,Home & Kitchen,120,4.7,26,149,1,3,2023
186,116,Electronics,700,3.7,12,145,2,3,2023
187,107,Electronics,400,3.2,12,104,2,3,2023
188,107,Electronics,400,4.0,19,161,2,3,2023
189,104,Electronics,30,4.9,16,61,3,3,2023
190,106,Electronics,800,4.9,20,149,3,3,2023
191,112,Electronics,850,3.0,28,178,3,3,2023
192,105,Clothing,60,3.7,12,130,4,3,2023
193,108,Home & Kitchen,120,3.6,16,168,4,3,2023
194,103,Home & Kitchen,200,3.5,26,123,4,3,2023
195,116,Electronics,700,3.4,11,66,5,3,2023
196,114,Clothing,125,4.7,10,69,5,3,2023
197,110,Beauty,70,4.3,26,92,5,3,2023
198,101,Electronics,500,3.8,28,155,6,3,2023
199,103,Electronics,200,4.5,12,77,6,3,2023
200,116,Home & Kitchen,700,3.3,23,109,6,3,2023
201,107,Home & Kitchen,400,3.1,16,130,7,3,2023
202,112,Beauty,850,4.8,10,98,7,3,2023
203,109,Electronics,90,4.3,19,88,7,3,2023
204,110,Beauty,70,3.6,13,165,8,3,2023
205,108,Electronics,120,4.7,12,67,8,3,2023
206,104,Electronics,30,3.4,16,127,8,3,2023
207,112,Electronics,850,3.4,24,128,9,3,2023
208,102,Electronics,50,4.1,17,144,9,3,2023
209,109,Electronics,90,3.8,14,172,9,3,2023
210,101,Clothing,500,4.2,20,95,10,3,2023
211,104,Electronics,30,3.1,23,128,10,3,2023
212,116,Electronics,700,4.8,16,120,10,3,2023
213,105,Home & Kitchen,60,3.9,22,147,11,3,2023
214,115,Beauty,950,4.4,26,97,11,3,2023
215,102,Beauty,50,4.6,23,164,11,3,2023
216,107,Beauty,400,4.6,27,72,12,3,2023
217,111,Electronics,1000,4.5,21,123,12,3,2023
218,109,Home & Kitchen,90,4.0,20,108,12,3,2023
219,115,Electronics,950,4.3,20,83,13,3,2023
220,104,Electronics,30,3.7,29,67,13,3,2023
221,102,Electronics,50,3.8,24,118,13,3,2023
222,102,Beauty,50,3.6,24,149,14,3,2023
223,104,Beauty,30,4.7,14,128,14,3,2023
224,110,Clothing,70,3.5,25,174,14,3,2023
225,107,Beauty,400,4.4,12,91,15,3,2023
226,106,Clothing,800,3.4,26,87,15,3,2023
227,115,Beauty,950,4.7,17,108,15,3,2023
228,103,Electronics,200,4.1,13,134,16,3,2023
229,114,Electronics,125,3.1,19,67,16,3,2023
230,107,Beauty,400,3.1,26,116,16,3,2023
231,108,Clothing,120,4.3,28,149,17,3,2023
232,105,Beauty,60,3.8,20,117,17,3,2023
233,109,Beauty,90,4.2,22,120,17,3,2023
234,107,Clothing,400,4.1,27,137,18,3,2023
235,112,Home & Kitchen,850,3.7,14,142,18,3,2023
236,113,Home & Kitchen,450,3.6,29,128,18,3,2023
237,103,Electronics,200,3.8,11,172,19,3,2023
238,103,Electronics,200,4.0,20,104,19,3,2023
239,116,Home & Kitchen,700,3.4,23,168,19,3,2023
240,114,Electronics,125,4.5,28,168,20,3,2023
241,104,Home & Kitchen,30,3.3,13,87,20,3,2023
242,103,Clothing,200,3.6,25,80,20,3,2023
243,111,Electronics,1000,3.7,15,106,21,3,2023
244,107,Electronics,400,4.4,12,73,21,3,2023
245,108,Clothing,120,4.1,20,134,21,3,2023
246,113,Electronics,450,3.9,12,169,22,3,2023
247,113,Home & Kitchen,450,4.3,27,173,22,3,2023
248,106,Home & Kitchen,800,3.5,11,151,22,3,2023
249,109,Clothing,90,3.4,24,166,23,3,2023
250,114,Electronics,125,4.2,22,127,23,3,2023
251,116,Electronics,700,3.5,25,173,23,3,2023
252,109,Beauty,90,3.6,17,155,24,3,2023
253,103,Home & Kitchen,200,4.5,22,157,24,3,2023
254,104,Clothing,30,4.3,28,113,24,3,2023
255,105,Beauty,60,4.8,28,107,25,3,2023
256,112,Electronics,850,4.9,19,77,25,3,2023
257,109,Clothing,90,4.0,10,104,25,3,2023
258,115,Beauty,950,3.3,14,140,26,3,2023
259,109,Clothing,90,4.8,19,85,26,3,2023
260,105,Electronics,60,3.3,22,108,26,3,2023
261,112,Electronics,850,4.9,23,80,27,3,2023
262,111,Beauty,1000,4.3,13,73,27,3,2023
263,107,Beauty,400,3.1,24,135,27,3,2023
264,105,Beauty,60,3.1,24,77,28,3,2023
265,105,Electronics,60,3.4,28,135,28,3,2023
266,108,Home & Kitchen,120,3.6,25,144,28,3,2023
267,116,Beauty,700,4.5,21,163,29,3,2023
268,110,Electronics,70,3.9,29,166,29,3,2023
269,112,Clothing,850,3.3,28,119,29,3,2023
270,102,Home & Kitchen,50,4.9,13,106,30,3,2023
271,110,Electronics,70,4.8,12,147,30,3,2023
272,102,Clothing,50,4.7,10,89,30,3,2023
273,105,Clothing,60,4.9,16,90,31,3,2023
274,113,Electronics,450,3.0,27,124,31,3,2023
275,110,Electronics,70,3.7,26,141,31,3,2023
276,112,Electronics,850,3.7,10,165,1,4,2023
277,111,Home & Kitchen,1000,5.0,16,120,1,4,2023
278,107,Electronics,400,3.8,10,118,1,4,2023
279,101,Home & Kitchen,500,3.8,21,139,2,4,2023
280,110,Electronics,70,4.8,16,167,2,4,2023
281,112,Home & Kitchen,850,4.9,10,94,2,4,2023
282,110,Clothing,70,4.5,20,64,3,4,2023
283,105,Beauty,60,4.1,10,103,3,4,2023
284,109,Beauty,90,4.6,10,82,3,4,2023
285,108,Beauty,120,4.3,12,123,4,4,2023
286,110,Electronics,70,4.9,12,132,4,4,2023
287,103,Electronics,200,4.3,15,66,4,4,2023
288,104,Clothing,30,4.2,19,152,5,4,2023
289,101,Electronics,500,3.4,12,92,5,4,2023
290,104,Clothing,30,4.6,12,132,5,4,2023
291,102,Clothing,50,3.2,24,97,6,4,2023
292,111,Clothing,1000,4.6,15,116,6,4,2023
293,111,Beauty,1000,4.8,14,154,6,4,2023
294,101,Electronics,500,4.5,19,168,7,4,2023
295,103,Home & Kitchen,200,4.6,28,104,7,4,2023
296,106,Clothing,800,3.6,15,62,7,4,2023
297,114,Electronics,125,3.3,20,80,8,4,2023
298,110,Home & Kitchen,70,4.1,14,71,8,4,2023
299,105,Beauty,60,3.7,10,138,8,4,2023
300,115,Beauty,950,4.3,17,73,9,4,2023
301,110,Home & Kitchen,70,4.1,24,69,9,4,2023
302,116,Electronics,700,3.6,21,89,9,4,2023
303,114,Electronics,125,3.3,11,124,10,4,2023
304,115,Clothing,950,4.1,15,103,10,4,2023
305,106,Home & Kitchen,800,3.8,14,68,10,4,2023
306,110,Clothing,70,4.2,25,105,11,4,2023
307,104,Home & Kitchen,30,4.6,22,119,11,4,2023
308,109,Clothing,90,4.2,12,154,11,4,2023
309,106,Electronics,800,4.3,28,168,12,4,2023
310,106,Beauty,800,3.4,14,99,12,4,2023
311,107,Clothing,400,3.8,26,113,12,4,2023
312,104,Home & Kitchen,30,5.0,26,91,13,4,2023
313,105,Beauty,60,4.5,23,78,13,4,2023
314,116,Electronics,700,3.6,26,152,13,4,2023
315,102,Clothing,50,3.5,14,130,14,4,2023
316,115,Home & Kitchen,950,4.1,16,167,14,4,2023
317,115,Electronics,950,3.4,21,139,14,4,2023
318,113,Electronics,450,4.2,19,141,15,4,2023
319,109,Beauty,90,4.2,29,121,15,4,2023
320,106,Electronics,800,3.3,23,164,15,4,2023
321,109,Home & Kitchen,90,4.0,10,100,16,4,2023
322,102,Clothing,50,4.9,16,90,16,4,2023
323,110,Electronics,70,3.2,17,154,16,4,2023
324,111,Clothing,1000,4.0,10,146,17,4,2023
325,115,Electronics,950,3.4,17,105,17,4,2023
326,104,Electronics,30,3.0,12,127,17,4,2023
327,106,Home & Kitchen,800,3.4,10,111,18,4,2023
328,103,Clothing,200,3.2,24,122,18,4,2023
329,109,Beauty,90,3.7,12,68,18,4,2023
330,103,Electronics,200,4.6,16,86,19,4,2023
331,104,Electronics,30,4.2,26,153,19,4,2023
332,116,Clothing,700,4.0,25,128,19,4,2023
333,107,Electronics,400,3.7,23,140,20,4,2023
334,101,Beauty,500,3.8,29,178,20,4,2023
335,101,Electronics,500,3.1,28,78,20,4,2023
336,115,Electronics,950,3.4,21,139,21,4,2023
337,106,Clothing,800,3.3,17,153,21,4,2023
338,112,Home & Kitchen,850,4.4,15,127,21,4,2023
339,112,Beauty,850,4.1,12,134,22,4,2023
340,106,Electronics,800,3.3,13,111,22,4,2023
341,105,Electronics,60,3.7,21,62,22,4,2023
342,108,Electronics,120,4.4,17,134,23,4,2023
343,111,Home & Kitchen,1000,3.2,17,78,23,4,2023
344,105,Clothing,60,4.9,16,113,23,4,2023
345,101,Beauty,500,4.1,29,138,24,4,2023
346,115,Electronics,950,4.0,28,127,24,4,2023
347,115,Clothing,950,3.4,16,118,24,4,2023
348,113,Electronics,450,3.4,10,172,25,4,2023
349,111,Electronics,1000,3.5,24,143,25,4,2023
350,104,Electronics,30,4.2,24,62,25,4,2023
351,106,Home & Kitchen,800,4.0,12,98,26,4,2023
352,105,Electronics,60,4.9,10,86,26,4,2023
353,111,Electronics,1000,4.8,24,171,26,4,2023
354,104,Clothing,30,4.3,16,124,27,4,2023
355,101,Beauty,500,3.3,12,88,27,4,2023
356,101,Clothing,500,3.1,28,92,27,4,2023
357,116,Electronics,700,4.2,19,107,28,4,2023
358,106,Electronics,800,4.3,15,131,28,4,2023
359,112,Home & Kitchen,850,3.0,16,82,28,4,2023
360,116,Clothing,700,4.1,22,177,29,4,2023
361,101,Beauty,500,3.4,21,147,29,4,2023
362,101,Home & Kitchen,500,4.4,22,162,29,4,2023
363,102,Electronics,50,3.0,11,78,30,4,2023
364,116,Clothing,700,3.6,15,91,30,4,2023
365,109,Electronics,90,4.7,29,122,30,4,2023
366,107,Electronics,400,4.8,20,71,1,5,2023
367,103,Home & Kitchen,200,4.3,16,128,1,5,2023
368,110,Beauty,70,3.5,19,66,1,5,2023
369,116,Clothing,700,4.3,16,145,2,5,2023
370,108,Clothing,120,4.4,27,61,2,5,2023
371,104,Electronics,30,3.7,21,78,2,5,2023
372,108,Home & Kitchen,120,4.8,19,76,3,5,2023
373,111,Beauty,1000,4.4,16,60,3,5,2023
374,106,Electronics,800,3.9,16,109,3,5,2023
375,114,Clothing,125,3.4,14,102,4,5,2023
376,104,Clothing,30,3.3,20,82,4,5,2023
377,102,Electronics,50,4.1,11,81,4,5,2023
378,114,Home & Kitchen,125,3.8,25,84,5,5,2023
379,103,Clothing,200,3.2,25,129,5,5,2023
380,107,Home & Kitchen,400,3.4,10,96,5,5,2023
381,111,Beauty,1000,3.2,29,61,6,5,2023
382,109,Home & Kitchen,90,3.7,11,164,6,5,2023
383,105,Clothing,60,3.5,21,79,6,5,2023
384,101,Clothing,500,4.5,17,175,7,5,2023
385,105,Beauty,60,3.7,21,90,7,5,2023
386,111,Beauty,1000,4.6,17,88,7,5,2023
387,112,Beauty,850,3.5,21,121,8,5,2023
388,105,Electronics,60,3.1,23,65,8,5,2023
389,110,Home & Kitchen,70,3.9,22,155,8,5,2023
390,109,Electronics,90,4.5,22,61,9,5,2023
391,105,Clothing,60,3.2,15,130,9,5,2023
392,109,Electronics,90,3.1,26,179,9,5,2023
393,112,Electronics,850,4.9,28,117,10,5,2023
394,105,Electronics,60,3.8,20,165,10,5,2023
395,111,Clothing,1000,4.8,19,62,10,5,2023
396,109,Electronics,90,3.7,25,154,11,5,2023
397,114,Clothing,125,3.9,13,90,11,5,2023
398,114,Home & Kitchen,125,3.4,21,94,11,5,2023
399,113,Electronics,450,4.8,15,105,12,5,2023
400,103,Beauty,200,4.1,22,176,12,5,2023
401,115,Electronics,950,4.2,22,79,12,5,2023
402,113,Home & Kitchen,450,3.7,15,160,13,5,2023
403,104,Electronics,30,4.5,14,176,13,5,2023
404,115,Electronics,950,3.3,13,172,13,5,2023
405,109,Beauty,90,3.7,18,170,14,5,2023
406,105,Clothing,60,3.4,15,167,14,5,2023
407,108,Beauty,120,3.2,11,155,14,5,2023
408,104,Electronics,30,3.0,16,148,15,5,2023
409,113,Electronics,450,4.2,24,100,15,5,2023
410,108,Beauty,120,4.7,24,92,15,5,2023
411,101,Electronics,500,4.3,26,151,16,5,2023
412,115,Beauty,950,4.7,14,103,16,5,2023
413,113,Electronics,450,4.2,20,69,16,5,2023
414,101,Clothing,500,4.5,15,100,17,5,2023
415,113,Electronics,450,4.7,22,111,17,5,2023
416,107,Electronics,400,4.7,21,139,17,5,2023
417,116,Clothing,700,3.2,29,103,18,5,2023
418,106,Home & Kitchen,800,3.8,16,156,18,5,2023
419,106,Electronics,800,4.5,18,128,18,5,2023
420,110,Clothing,70,3.5,22,147,19,5,2023
421,111,Electronics,1000,4.7,23,93,19,5,2023
422,115,Clothing,950,3.2,26,108,19,5,2023
423,106,Beauty,800,3.7,24,152,20,5,2023
424,108,Clothing,120,4.6,13,93,20,5,2023
425,108,Clothing,120,3.5,26,61,20,5,2023
426,113,Electronics,450,3.9,11,177,21,5,2023
427,106,Electronics,800,4.4,15,125,21,5,2023
428,108,Electronics,120,3.3,17,103,21,5,2023
429,114,Electronics,125,3.9,17,90,22,5,2023
430,112,Electronics,850,3.9,20,135,22,5,2023
431,113,Clothing,450,4.2,11,99,22,5,2023
432,110,Electronics,70,4.1,17,96,23,5,2023
433,112,Beauty,850,4.8,20,142,23,5,2023
434,116,Clothing,700,4.4,27,131,23,5,2023
435,112,Home & Kitchen,850,3.1,12,124,24,5,2023
436,103,Beauty,200,3.3,23,159,24,5,2023
437,104,Electronics,30,4.0,19,137,24,5,2023
438,115,Clothing,950,4.2,17,79,25,5,2023
439,106,Beauty,800,3.8,11,169,25,5,2023
440,107,Electronics,400,3.1,28,123,25,5,2023
441,107,Home & Kitchen,400,3.8,15,64,26,5,2023
442,115,Beauty,950,4.6,15,177,26,5,2023
443,114,Electronics,125,4.2,21,87,26,5,2023
444,101,Clothing,500,4.7,21,76,27,5,2023
445,109,Electronics,90,3.1,18,105,27,5,2023
446,105,Home & Kitchen,60,3.7,10,96,27,5,2023
447,115,Beauty,950,4.8,19,113,28,5,2023
448,116,Home & Kitchen,700,3.7,10,157,28,5,2023
449,112,Beauty,850,4.3,23,162,28,5,2023
450,112,Home & Kitchen,850,4.6,13,161,29,5,2023
451,113,Clothing,450,3.3,13,87,29,5,2023
452,106,Home & Kitchen,800,3.2,13,62,29,5,2023
453,106,Home & Kitchen,800,4.7,20,65,30,5,2023
454,103,Electronics,200,3.1,27,89,30,5,2023
455,106,Beauty,800,3.1,25,113,30,5,2023
456,111,Home & Kitchen,1000,3.1,17,105,31,5,2023
457,112,Beauty,850,4.0,14,60,31,5,2023
458,108,Clothing,120,4.7,10,102,31,5,2023
459,106,Beauty,800,4.9,10,79,1,6,2023
460,112,Clothing,850,4.8,18,151,1,6,2023
461,106,Beauty,800,4.5,26,142,1,6,2023
462,112,Clothing,850,4.9,15,118,2,6,2023
463,108,Electronics,120,4.9,18,134,2,6,2023
464,113,Home & Kitchen,450,3.9,29,170,2,6,2023
465,107,Home & Kitchen,400,4.1,13,87,3,6,2023
466,112,Electronics,850,4.6,24,121,3,6,2023
467,111,Clothing,1000,4.1,11,127,3,6,2023
468,103,Electronics,200,4.5,21,78,4,6,2023
469,115,Electronics,950,3.9,23,137,4,6,2023
470,107,Clothing,400,4.6,17,62,4,6,2023
471,116,Electronics,700,4.9,10,155,5,6,2023
472,116,Beauty,700,3.7,22,94,5,6,2023
473,111,Home & Kitchen,1000,4.5,27,171,5,6,2023
474,114,Electronics,125,3.4,21,176,6,6,2023
475,113,Electronics,450,4.8,24,84,6,6,2023
476,103,Electronics,200,4.9,19,106,6,6,2023
477,111,Home & Kitchen,1000,3.1,11,165,7,6,2023
478,108,Beauty,120,3.9,16,153,7,6,2023
479,116,Electronics,700,4.9,26,77,7,6,2023
480,114,Clothing,125,4.4,12,162,8,6,2023
481,116,Electronics,700,4.0,27,72,8,6,2023
482,115,Beauty,950,3.3,12,135,8,6,2023
483,115,Electronics,950,5.0,26,128,9,6,2023
484,106,Home & Kitchen,800,4.3,11,164,9,6,2023
485,115,Home & Kitchen,950,5.0,11,99,9,6,2023
486,104,Clothing,30,3.1,27,138,10,6,2023
487,103,Home & Kitchen,200,4.9,18,163,10,6,2023
488,111,Beauty,1000,4.3,18,136,10,6,2023
489,113,Clothing,450,4.6,28,116,11,6,2023
490,109,Home & Kitchen,90,4.1,27,78,11,6,2023
491,115,Beauty,950,3.8,12,139,11,6,2023
492,109,Home & Kitchen,90,4.1,27,73,12,6,2023
493,105,Electronics,60,4.5,15,175,12,6,2023
494,104,Beauty,30,4.3,16,92,12,6,2023
495,103,Electronics,200,4.4,12,76,13,6,2023
496,114,Home & Kitchen,125,4.6,16,95,13,6,2023
497,112,Home & Kitchen,850,3.9,28,148,13,6,2023
498,116,Clothing,700,4.4,14,160,14,6,2023
499,107,Electronics,400,3.0,29,139,14,6,2023
500,103,Electronics,200,4.4,19,173,14,6,2023
501,114,Electronics,125,4.3,21,108,15,6,2023
502,102,Clothing,50,4.8,19,171,15,6,2023
503,109,Home & Kitchen,90,4.0,26,136,15,6,2023
504,104,Electronics,30,4.6,24,138,16,6,2023
505,108,Electronics,120,4.1,24,91,16,6,2023
506,107,Beauty,400,4.3,19,160,16,6,2023
507,105,Electronics,60,4.7,12,128,17,6,2023
508,111,Beauty,1000,3.5,11,129,17,6,2023
509,107,Clothing,400,3.5,18,130,17,6,2023
510,106,Home & Kitchen,800,3.4,20,139,18,6,2023
511,115,Beauty,950,3.3,18,174,18,6,2023
512,106,Electronics,800,3.9,11,132,18,6,2023
513,115,Beauty,950,3.8,12,60,19,6,2023
514,114,Electronics,125,3.1,14,145,19,6,2023
515,106,Beauty,800,4.8,13,172,19,6,2023
516,103,Beauty,200,3.2,12,78,20,6,2023
517,109,Electronics,90,3.5,24,148,20,6,2023
518,104,Beauty,30,3.2,11,70,20,6,2023
519,113,Home & Kitchen,450,3.3,15,95,21,6,2023
520,107,Electronics,400,4.2,24,129,21,6,2023
521,112,Clothing,850,3.9,25,91,21,6,2023
522,116,Beauty,700,3.6,13,88,22,6,2023
523,104,Electronics,30,4.4,22,113,22,6,2023
524,114,Electronics,125,3.3,23,126,22,6,2023
525,116,Beauty,700,5.0,16,84,23,6,2023
526,113,Beauty,450,4.7,27,84,23,6,2023
527,110,Clothing,70,4.1,13,165,23,6,2023
528,111,Electronics,1000,3.5,19,172,24,6,2023
529,106,Electronics,800,4.3,16,178,24,6,2023
530,107,Clothing,400,4.8,22,122,24,6,2023
531,102,Beauty,50,4.6,10,140,25,6,2023
532,107,Electronics,400,4.4,23,77,25,6,2023
533,113,Clothing,450,4.4,22,75,25,6,2023
534,103,Home & Kitchen,200,3.2,11,66,26,6,2023
535,102,Clothing,50,3.2,12,109,26,6,2023
536,116,Home & Kitchen,700,3.3,16,98,26,6,2023
537,113,Home & Kitchen,450,3.9,13,92,27,6,2023
538,105,Home & Kitchen,60,4.8,28,79,27,6,2023
539,110,Electronics,70,3.6,20,124,27,6,2023
540,115,Clothing,950,4.5,15,72,28,6,2023
541,107,Clothing,400,3.8,11,155,28,6,2023
542,105,Electronics,60,3.2,13,151,28,6,2023
543,102,Home & Kitchen,50,4.9,19,171,29,6,2023
544,103,Clothing,200,4.3,25,137,29,6,2023
545,108,Clothing,120,4.0,14,173,29,6,2023
546,103,Electronics,200,3.7,21,175,30,6,2023
547,112,Electronics,850,3.3,27,171,30,6,2023
548,113,Home & Kitchen,450,4.6,17,179,30,6,2023
549,109,Electronics,90,4.9,14,144,1,7,2023
550,102,Electronics,50,4.0,18,166,1,7,2023
551,103,Electronics,200,4.2,18,102,1,7,2023
552,112,Electronics,850,4.1,10,64,2,7,2023
553,114,Clothing,125,3.6,14,82,2,7,2023
554,110,Home & Kitchen,70,5.0,29,141,2,7,2023
555,101,Clothing,500,4.1,27,87,3,7,2023
556,105,Home & Kitchen,60,3.1,18,133,3,7,2023
557,105,Home & Kitchen,60,3.6,17,135,3,7,2023
558,103,Clothing,200,3.2,24,103,4,7,2023
559,116,Home & Kitchen,700,3.1,24,126,4,7,2023
560,101,Beauty,500,3.3,21,179,4,7,2023
561,110,Electronics,70,3.1,23,78,5,7,2023
562,102,Clothing,50,3.9,18,164,5,7,2023
563,101,Beauty,500,3.6,18,158,5,7,2023
564,103,Beauty,200,3.5,22,149,6,7,2023
565,101,Beauty,500,4.4,17,138,6,7,2023
566,114,Clothing,125,4.9,21,68,6,7,2023
567,108,Home & Kitchen,120,4.9,22,65,7,7,2023
568,106,Beauty,800,3.1,24,110,7,7,2023
569,104,Electronics,30,4.7,16,115,7,7,2023
570,104,Electronics,30,3.0,13,80,8,7,2023
571,113,Electronics,450,4.2,21,96,8,7,2023
572,113,Electronics,450,4.9,26,71,8,7,2023
573,113,Electronics,450,3.8,21,153,9,7,2023
574,103,Electronics,200,3.0,23,80,9,7,2023
575,116,Clothing,700,4.2,14,173,9,7,2023
576,102,Home & Kitchen,50,3.4,15,133,10,7,2023
577,115,Electronics,950,4.6,14,107,10,7,2023
578,114,Clothing,125,3.8,13,109,10,7,2023
579,104,Beauty,30,4.1,12,62,11,7,2023
580,110,Home & Kitchen,70,3.3,26,65,11,7,2023
581,114,Home & Kitchen,125,4.7,14,133,11,7,2023
582,102,Electronics,50,4.8,23,178,12,7,2023
583,107,Clothing,400,3.8,29,123,12,7,2023
584,109,Home & Kitchen,90,4.5,21,125,12,7,2023
585,101,Electronics,500,3.4,25,116,13,7,2023
586,105,Clothing,60,4.7,16,132,13,7,2023
587,116,Home & Kitchen,700,4.4,17,102,13,7,2023
588,108,Home & Kitchen,120,4.5,17,64,14,7,2023
589,107,Electronics,400,4.6,15,70,14,7,2023
590,112,Electronics,850,4.5,12,62,14,7,2023
591,101,Clothing,500,3.2,28,88,15,7,2023
592,109,Electronics,90,3.8,11,112,15,7,2023
593,111,Electronics,1000,4.7,28,63,15,7,2023
594,103,Home & Kitchen,200,3.5,23,90,16,7,2023
595,109,Clothing,90,4.1,22,146,16,7,2023
596,105,Beauty,60,3.2,13,154,16,7,2023
597,110,Clothing,70,3.3,13,64,17,7,2023
598,108,Electronics,120,3.3,18,161,17,7,2023
599,109,Electronics,90,3.7,20,159,17,7,2023
600,101,Electronics,500,3.5,28,77,18,7,2023
601,116,Beauty,700,4.8,27,149,18,7,2023
602,103,Home & Kitchen,200,3.8,29,100,18,7,2023
603,104,Beauty,30,3.9,20,143,19,7,2023
604,112,Home & Kitchen,850,4.4,27,137,19,7,2023
605,111,Electronics,1000,3.0,28,121,19,7,2023
606,112,Electronics,850,3.6,17,100,20,7,2023
607,106,Clothing,800,4.1,23,84,20,7,2023
608,106,Electronics,800,3.6,21,158,20,7,2023
609,108,Electronics,120,3.0,12,98,21,7,2023
610,112,Beauty,850,4.1,26,174,21,7,2023
611,108,Electronics,120,3.6,13,167,21,7,2023
612,107,Electronics,400,4.5,13,79,22,7,2023
613,107,Beauty,400,3.2,13,71,22,7,2023
614,105,Electronics,60,5.0,25,76,22,7,2023
615,111,Home & Kitchen,1000,3.2,27,145,23,7,2023
616,107,Beauty,400,3.8,14,126,23,7,2023
617,114,Electronics,125,3.0,23,116,23,7,2023
618,111,Electronics,1000,3.4,16,64,24,7,2023
619,102,Clothing,50,4.3,22,60,24,7,2023
620,102,Electronics,50,3.3,20,154,24,7,2023
621,113,Home & Kitchen,450,3.3,28,69,25,7,2023
622,103,Beauty,200,4.6,11,102,25,7,2023
623,101,Electronics,500,4.0,20,153,25,7,2023
624,109,Home & Kitchen,90,4.5,19,77,26,7,2023
625,111,Electronics,1000,3.7,13,79,26,7,2023
626,110,Electronics,70,4.7,18,156,26,7,2023
627,113,Home & Kitchen,450,3.6,19,61,27,7,2023
628,106,Electronics,800,4.5,10,118,27,7,2023
629,111,Home & Kitchen,1000,3.6,24,99,27,7,2023
630,103,Electronics,200,3.4,28,109,28,7,2023
631,104,Beauty,30,4.3,29,164,28,7,2023
632,111,Home & Kitchen,1000,4.3,22,84,28,7,2023
633,113,Clothing,450,3.2,28,105,29,7,2023
634,116,Home & Kitchen,700,3.2,18,168,29,7,2023
635,110,Beauty,70,4.5,10,124,29,7,2023
636,105,Electronics,60,4.1,26,167,30,7,2023
637,113,Electronics,450,4.5,26,170,30,7,2023
638,110,Electronics,70,3.4,12,169,30,7,2023
639,107,Electronics,400,4.6,22,96,31,7,2023
640,107,Clothing,400,3.7,27,165,31,7,2023
641,109,Electronics,90,3.0,10,144,31,7,2023
642,101,Electronics,500,3.6,28,172,1,8,2023
643,101,Clothing,500,4.5,11,162,1,8,2023
644,115,Electronics,950,4.6,12,105,1,8,2023
645,113,Electronics,450,4.1,25,176,2,8,2023
646,112,Home & Kitchen,850,4.6,24,106,2,8,2023
647,107,Electronics,400,3.8,29,99,2,8,2023
648,112,Electronics,850,3.5,24,107,3,8,2023
649,110,Electronics,70,3.2,20,124,3,8,2023
650,105,Electronics,60,3.4,14,112,3,8,2023
651,116,Home & Kitchen,700,4.5,24,134,4,8,2023
652,103,Clothing,200,3.4,21,136,4,8,2023
653,109,Electronics,90,4.0,22,123,4,8,2023
654,103,Clothing,200,4.8,18,136,5,8,2023
655,111,Beauty,1000,4.7,25,98,5,8,2023
656,107,Beauty,400,4.9,10,152,5,8,2023
657,102,Beauty,50,4.8,29,159,6,8,2023
658,116,Electronics,700,3.0,14,146,6,8,2023
659,106,Home & Kitchen,800,5.0,25,132,6,8,2023
660,111,Beauty,1000,4.7,12,101,7,8,2023
661,105,Home & Kitchen,60,4.1,23,163,7,8,2023
662,102,Home & Kitchen,50,3.1,22,151,7,8,2023
663,103,Home & Kitchen,200,3.6,23,86,8,8,2023
664,109,Beauty,90,4.5,11,144,8,8,2023
665,113,Electronics,450,3.7,23,138,8,8,2023
666,116,Home & Kitchen,700,4.1,14,105,9,8,2023
667,112,Clothing,850,3.6,29,87,9,8,2023
668,101,Electronics,500,4.3,18,130,9,8,2023
669,115,Home & Kitchen,950,3.4,22,178,10,8,2023
670,103,Clothing,200,4.2,16,152,10,8,2023
671,109,Beauty,90,4.5,20,144,10,8,2023
672,111,Electronics,1000,3.6,28,62,11,8,2023
673,115,Electronics,950,4.7,13,126,11,8,2023
674,114,Home & Kitchen,125,4.4,27,83,11,8,2023
675,105,Home & Kitchen,60,3.5,24,150,12,8,2023
676,105,Electronics,60,4.7,20,122,12,8,2023
677,106,Electronics,800,3.5,21,108,12,8,2023
678,104,Beauty,30,5.0,29,135,13,8,2023
679,106,Home & Kitchen,800,3.9,14,71,13,8,2023
680,114,Home & Kitchen,125,3.0,26,139,13,8,2023
681,116,Electronics,700,3.6,17,156,14,8,2023
682,102,Electronics,50,3.0,12,159,14,8,2023
683,109,Beauty,90,4.6,21,176,14,8,2023
684,108,Home & Kitchen,120,3.7,20,148,15,8,2023
685,104,Electronics,30,4.8,10,128,15,8,2023
686,116,Electronics,700,4.5,22,154,15,8,2023
687,106,Clothing,800,3.2,13,91,16,8,2023
688,103,Home & Kitchen,200,4.3,26,62,16,8,2023
689,103,Home & Kitchen,200,4.3,11,90,16,8,2023
690,113,Home & Kitchen,450,3.6,16,88,17,8,2023
691,113,Clothing,450,3.2,24,87,17,8,2023
692,107,Electronics,400,3.2,22,92,17,8,2023
693,102,Clothing,50,3.7,21,94,18,8,2023
694,111,Beauty,1000,4.1,19,146,18,8,2023
695,108,Clothing,120,3.4,21,120,18,8,2023
696,106,Electronics,800,3.6,22,159,19,8,2023
697,113,Electronics,450,3.7,15,136,19,8,2023
698,111,Clothing,1000,3.6,12,156,19,8,2023
699,104,Clothing,30,4.9,22,119,20,8,2023
700,104,Clothing,30,4.8,26,106,20,8,2023
701,112,Electronics,850,3.2,20,158,20,8,2023
702,103,Electronics,200,4.2,20,157,21,8,2023
703,101,Beauty,500,4.0,18,135,21,8,2023
704,112,Home & Kitchen,850,3.7,28,168,21,8,2023
705,103,Home & Kitchen,200,3.7,13,88,22,8,2023
706,106,Electronics,800,3.8,26,86,22,8,2023
707,108,Clothing,120,3.2,24,108,22,8,2023
708,116,Clothing,700,3.0,16,100,23,8,2023
709,113,Electronics,450,4.2,13,104,23,8,2023
710,115,Beauty,950,4.3,27,146,23,8,2023
711,113,Clothing,450,3.6,24,91,24,8,2023
712,113,Electronics,450,3.6,23,95,24,8,2023
713,106,Clothing,800,4.2,13,152,24,8,2023
714,101,Clothing,500,3.8,27,156,25,8,2023
715,101,Beauty,500,3.6,29,120,25,8,2023
716,102,Clothing,50,5.0,24,78,25,8,2023
717,116,Home & Kitchen,700,4.2,16,149,26,8,2023
718,111,Home & Kitchen,1000,3.8,10,112,26,8,2023
719,102,Electronics,50,4.1,13,69,26,8,2023
720,109,Electronics,90,4.5,24,81,27,8,2023
721,108,Electronics,120,3.2,14,141,27,8,2023
722,110,Electronics,70,3.6,20,80,27,8,2023
723,112,Beauty,850,3.0,17,113,28,8,2023
724,112,Home & Kitchen,850,4.6,25,169,28,8,2023
725,105,Home & Kitchen,60,3.6,22,123,28,8,2023
726,106,Clothing,800,4.5,25,79,29,8,2023
727,106,Beauty,800,4.9,26,117,29,8,2023
728,105,Home & Kitchen,60,4.4,15,120,29,8,2023
729,103,Clothing,200,4.2,12,135,30,8,2023
730,103,Beauty,200,4.6,20,154,30,8,2023
731,116,Beauty,700,4.9,18,141,30,8,2023
732,107,Beauty,400,3.5,14,154,31,8,2023
733,116,Electronics,700,3.5,24,87,31,8,2023
734,114,Beauty,125,3.5,24,69,31,8,2023
735,110,Clothing,70,4.2,28,137,1,9,2023
736,105,Beauty,60,3.4,24,66,1,9,2023
737,112,Beauty,850,4.1,19,92,1,9,2023
738,112,Beauty,850,4.4,28,157,2,9,2023
739,109,Beauty,90,3.6,12,149,2,9,2023
740,112,Home & Kitchen,850,4.1,29,70,2,9,2023
741,103,Electronics,200,4.4,24,66,3,9,2023
742,111,Home & Kitchen,1000,3.8,22,155,3,9,2023
743,115,Electronics,950,3.1,17,74,3,9,2023
744,110,Beauty,70,4.0,14,122,4,9,2023
745,107,Electronics,400,3.7,27,101,4,9,2023
746,107,Beauty,400,4.1,27,165,4,9,2023
747,114,Electronics,125,3.2,20,142,5,9,2023
748,102,Home & Kitchen,50,4.7,11,154,5,9,2023
749,111,Clothing,1000,3.3,10,106,5,9,2023
750,108,Electronics,120,3.2,12,133,6,9,2023
751,111,Electronics,1000,3.5,26,106,6,9,2023
752,112,Electronics,850,5.0,22,162,6,9,2023
753,107,Home & Kitchen,400,3.2,24,141,7,9,2023
754,106,Clothing,800,3.5,25,98,7,9,2023
755,101,Electronics,500,3.3,19,145,7,9,2023
756,108,Electronics,120,3.1,14,77,8,9,2023
757,101,Electronics,500,3.7,20,70,8,9,2023
758,113,Beauty,450,4.1,17,75,8,9,2023
759,101,Beauty,500,3.6,27,144,9,9,2023
760,102,Beauty,50,3.5,28,166,9,9,2023
761,106,Electronics,800,3.1,11,90,9,9,2023
762,110,Electronics,70,4.7,18,100,10,9,2023
763,103,Home & Kitchen,200,4.2,19,99,10,9,2023
764,110,Home & Kitchen,70,4.4,17,88,10,9,2023
765,107,Clothing,400,3.2,27,108,11,9,2023
766,109,Beauty,90,4.6,12,132,11,9,2023
767,108,Electronics,120,3.1,17,156,11,9,2023
768,111,Electronics,1000,4.5,16,90,12,9,2023
769,111,Electronics,1000,4.5,25,84,12,9,2023
770,108,Home & Kitchen,120,4.4,18,64,12,9,2023
771,114,Electronics,125,4.0,24,62,13,9,2023
772,110,Clothing,70,4.5,11,63,13,9,2023
773,112,Electronics,850,4.2,28,97,13,9,2023
774,113,Electronics,450,4.1,13,74,14,9,2023
775,106,Home & Kitchen,800,4.4,21,136,14,9,2023
776,108,Electronics,120,4.2,11,104,14,9,2023
777,115,Home & Kitchen,950,4.7,28,166,15,9,2023
778,113,Electronics,450,3.4,23,131,15,9,2023
779,108,Electronics,120,3.2,11,176,15,9,2023
780,101,Electronics,500,4.7,22,64,16,9,2023
781,103,Clothing,200,3.0,28,137,16,9,2023
782,110,Home & Kitchen,70,3.5,14,82,16,9,2023
783,101,Beauty,500,3.3,18,110,17,9,2023
784,106,Electronics,800,4.5,17,90,17,9,2023
785,107,Electronics,400,3.3,13,163,17,9,2023
786,113,Beauty,450,4.7,26,83,18,9,2023
787,115,Electronics,950,3.9,20,153,18,9,2023
788,105,Beauty,60,4.0,27,151,18,9,2023
789,108,Electronics,120,3.5,15,148,19,9,2023
790,112,Clothing,850,4.8,29,169,19,9,2023
791,114,Clothing,125,3.3,26,159,19,9,2023
792,106,Home & Kitchen,800,3.8,17,89,20,9,2023
793,112,Clothing,850,3.4,21,61,20,9,2023
794,109,Clothing,90,3.6,29,138,20,9,2023
795,105,Clothing,60,4.3,23,174,21,9,2023
796,103,Electronics,200,4.9,27,142,21,9,2023
797,105,Beauty,60,4.4,23,120,21,9,2023
798,111,Electronics,1000,4.2,21,73,22,9,2023
799,113,Electronics,450,4.4,23,103,22,9,2023
800,111,Home & Kitchen,1000,3.7,24,176,22,9,2023
801,112,Electronics,850,3.5,20,103,23,9,2023
802,106,Home & Kitchen,800,3.4,10,60,23,9,2023
803,102,Electronics,50,4.9,16,116,23,9,2023
804,109,Home & Kitchen,90,4.0,15,148,24,9,2023
805,102,Clothing,50,3.1,19,124,24,9,2023
806,114,Home & Kitchen,125,3.5,18,80,24,9,2023
807,101,Clothing,500,4.4,25,157,25,9,2023
808,103,Home & Kitchen,200,4.2,21,85,25,9,2023
809,101,Beauty,500,4.5,21,105,25,9,2023
810,104,Beauty,30,3.3,23,116,26,9,2023
811,107,Beauty,400,4.7,21,155,26,9,2023
812,114,Beauty,125,3.4,19,126,26,9,2023
813,107,Beauty,400,3.2,22,114,27,9,2023
814,108,Electronics,120,4.1,24,107,27,9,2023
815,104,Electronics,30,4.9,13,120,27,9,2023
816,108,Clothing,120,4.7,12,178,28,9,2023
817,115,Home & Kitchen,950,4.6,23,160,28,9,2023
818,107,Clothing,400,3.2,26,156,28,9,2023
819,105,Home & Kitchen,60,4.1,13,166,29,9,2023
820,105,Clothing,60,4.3,11,126,29,9,2023
821,111,Home & Kitchen,1000,4.6,18,144,29,9,2023
822,114,Beauty,125,4.4,20,113,30,9,2023
823,108,Beauty,120,3.2,12,139,30,9,2023
824,108,Clothing,120,4.4,10,99,30,9,2023
825,116,Home & Kitchen,700,3.1,28,81,1,10,2023
826,109,Electronics,90,3.8,27,124,1,10,2023
827,112,Clothing,850,3.2,27,74,1,10,2023
828,105,Electronics,60,3.4,15,149,2,10,2023
829,107,Home & Kitchen,400,3.8,23,142,2,10,2023
830,110,Clothing,70,4.5,11,110,2,10,2023
831,108,Electronics,120,3.3,18,145,3,10,2023
832,104,Home & Kitchen,30,4.8,16,96,3,10,2023
833,116,Beauty,700,4.6,22,147,3,10,2023
834,110,Electronics,70,4.2,11,107,4,10,2023
835,112,Electronics,850,3.5,23,84,4,10,2023
836,111,Electronics,1000,4.1,27,68,4,10,2023
837,105,Home & Kitchen,60,4.4,23,65,5,10,2023
838,105,Electronics,60,3.7,29,175,5,10,2023
839,113,Clothing,450,3.8,25,123,5,10,2023
840,103,Electronics,200,4.1,23,159,6,10,2023
841,116,Electronics,700,4.5,14,142,6,10,2023
842,105,Clothing,60,3.5,19,65,6,10,2023
843,110,Beauty,70,4.8,21,101,7,10,2023
844,110,Clothing,70,3.8,23,126,7,10,2023
845,114,Electronics,125,3.2,16,137,7,10,2023
846,114,Electronics,125,4.1,10,70,8,10,2023
847,109,Clothing,90,3.1,12,117,8,10,2023
848,112,Clothing,850,4.4,23,92,8,10,2023
849,116,Electronics,700,3.8,18,133,9,10,2023
850,101,Electronics,500,4.7,16,173,9,10,2023
851,113,Clothing,450,4.7,26,127,9,10,2023
852,113,Clothing,450,3.5,13,156,10,10,2023
853,101,Electronics,500,4.3,19,77,10,10,2023
854,106,Electronics,800,3.1,17,157,10,10,2023
855,106,Electronics,800,4.1,18,171,11,10,2023
856,112,Electronics,850,3.2,13,76,11,10,2023
857,113,Home & Kitchen,450,4.9,20,145,11,10,2023
858,105,Electronics,60,3.5,19,102,12,10,2023
859,106,Clothing,800,4.1,29,127,12,10,2023
860,108,Home & Kitchen,120,3.1,14,121,12,10,2023
861,107,Beauty,400,4.8,12,92,13,10,2023
862,103,Home & Kitchen,200,4.6,21,160,13,10,2023
863,115,Electronics,950,4.3,23,89,13,10,2023
864,104,Clothing,30,3.3,27,157,14,10,2023
865,114,Home & Kitchen,125,4.5,18,141,14,10,2023
866,108,Home & Kitchen,120,3.1,22,74,14,10,2023
867,112,Clothing,850,3.4,19,71,15,10,2023
868,103,Beauty,200,3.4,26,129,15,10,2023
869,105,Beauty,60,3.3,24,166,15,10,2023
870,112,Home & Kitchen,850,4.9,14,81,16,10,2023
871,114,Clothing,125,3.8,15,123,16,10,2023
872,107,Electronics,400,3.0,12,154,16,10,2023
873,112,Beauty,850,4.9,11,176,17,10,2023
874,109,Electronics,90,3.3,12,125,17,10,2023
875,101,Beauty,500,4.0,21,111,17,10,2023
876,116,Beauty,700,4.2,16,125,18,10,2023
877,107,Electronics,400,3.0,12,82,18,10,2023
878,116,Electronics,700,3.3,10,172,18,10,2023
879,112,Clothing,850,4.1,18,107,19,10,2023
880,109,Beauty,90,4.5,17,78,19,10,2023
881,115,Clothing,950,4.0,15,66,19,10,2023
882,112,Beauty,850,3.7,13,172,20,10,2023
883,110,Home & Kitchen,70,4.5,27,145,20,10,2023
884,101,Beauty,500,4.5,24,130,20,10,2023
885,114,Clothing,125,3.3,13,92,21,10,2023
886,107,Electronics,400,3.7,29,97,21,10,2023
887,108,Electronics,120,5.0,16,88,21,10,2023
888,103,Electronics,200,4.6,13,62,22,10,2023
889,106,Electronics,800,4.2,14,125,22,10,2023
890,103,Beauty,200,3.8,22,94,22,10,2023
891,109,Home & Kitchen,90,3.9,29,116,23,10,2023
892,113,Electronics,450,3.9,14,151,23,10,2023
893,110,Electronics,70,3.4,13,109,23,10,2023
894,107,Electronics,400,3.7,14,88,24,10,2023
895,102,Electronics,50,4.3,22,175,24,10,2023
896,112,Clothing,850,5.0,11,146,24,10,2023
897,113,Electronics,450,4.5,18,132,25,10,2023
898,110,Beauty,70,4.9,28,131,25,10,2023
899,103,Clothing,200,3.7,22,103,25,10,2023
900,101,Electronics,500,4.4,24,173,26,10,2023
901,111,Electronics,1000,4.2,17,111,26,10,2023
902,105,Home & Kitchen,60,4.4,28,85,26,10,2023
903,108,Electronics,120,4.7,15,110,27,10,2023
904,104,Electronics,30,3.3,26,121,27,10,2023
905,112,Electronics,850,3.2,10,138,27,10,2023
906,106,Beauty,800,3.4,16,104,28,10,2023
907,111,Home & Kitchen,1000,4.9,27,82,28,10,2023
908,113,Electronics,450,4.7,18,93,28,10,2023
909,103,Home & Kitchen,200,4.4,27,110,29,10,2023
910,115,Beauty,950,4.4,28,70,29,10,2023
911,113,Beauty,450,3.7,15,93,29,10,2023
912,115,Electronics,950,4.3,13,75,30,10,2023
913,107,Electronics,400,3.8,14,85,30,10,2023
914,108,Home & Kitchen,120,4.7,28,124,30,10,2023
915,107,Electronics,400,4.3,23,93,31,10,2023
916,116,Electronics,700,3.3,19,172,31,10,2023
917,105,Electronics,60,3.9,19,118,31,10,2023
918,105,Clothing,60,3.5,18,68,1,11,2023
919,101,Electronics,500,3.6,11,129,1,11,2023
920,108,Home & Kitchen,120,4.6,12,75,1,11,2023
921,105,Electronics,60,3.7,19,152,2,11,2023
922,105,Beauty,60,3.3,28,123,2,11,2023
923,109,Electronics,90,4.0,18,99,2,11,2023
924,101,Beauty,500,4.4,15,121,3,11,2023
925,112,Clothing,850,3.1,14,74,3,11,2023
926,111,Beauty,1000,3.3,15,67,3,11,2023
927,114,Beauty,125,3.5,12,153,4,11,2023
928,113,Electronics,450,3.8,23,72,4,11,2023
929,102,Electronics,50,4.5,19,67,4,11,2023
930,115,Clothing,950,3.7,14,101,5,11,2023
931,104,Electronics,30,3.6,19,127,5,11,2023
932,102,Home & Kitchen,50,4.1,24,97,5,11,2023
933,102,Electronics,50,4.0,15,104,6,11,2023
934,105,Home & Kitchen,60,4.7,25,81,6,11,2023
935,106,Beauty,800,4.6,20,72,6,11,2023
936,113,Electronics,450,3.8,25,165,7,11,2023
937,103,Electronics,200,4.9,12,141,7,11,2023
938,109,Electronics,90,4.7,21,117,7,11,2023
939,110,Home & Kitchen,70,4.0,17,175,8,11,2023
940,104,Beauty,30,5.0,27,168,8,11,2023
941,114,Electronics,125,4.2,11,73,8,11,2023
942,104,Electronics,30,3.7,27,103,9,11,2023
943,106,Electronics,800,3.3,14,156,9,11,2023
944,108,Home & Kitchen,120,5.0,19,74,9,11,2023
945,101,Home & Kitchen,500,4.5,17,71,10,11,2023
946,114,Home & Kitchen,125,4.1,27,146,10,11,2023
947,109,Electronics,90,3.7,26,122,10,11,2023
948,109,Home & Kitchen,90,4.0,15,148,11,11,2023
949,111,Electronics,1000,4.3,11,115,11,11,2023
950,111,Electronics,1000,3.8,11,161,11,11,2023
951,105,Home & Kitchen,60,3.3,25,177,12,11,2023
952,106,Home & Kitchen,800,3.6,22,148,12,11,2023
953,115,Electronics,950,3.8,18,155,12,11,2023
954,112,Clothing,850,3.4,17,103,13,11,2023
955,116,Electronics,700,4.6,20,170,13,11,2023
956,111,Home & Kitchen,1000,4.0,12,156,13,11,2023
957,102,Home & Kitchen,50,4.4,27,144,14,11,2023
958,109,Beauty,90,3.7,19,164,14,11,2023
959,113,Electronics,450,3.8,29,153,14,11,2023
960,101,Clothing,500,3.5,20,108,15,11,2023
961,109,Electronics,90,3.3,27,155,15,11,2023
962,114,Clothing,125,3.2,27,152,15,11,2023
963,110,Clothing,70,3.9,13,153,16,11,2023
964,104,Home & Kitchen,30,3.3,16,102,16,11,2023
965,106,Electronics,800,3.8,26,163,16,11,2023
966,104,Electronics,30,4.6,22,67,17,11,2023
967,106,Electronics,800,4.6,29,169,17,11,2023
968,115,Clothing,950,4.1,25,111,17,11,2023
969,104,Electronics,30,3.9,20,175,18,11,2023
970,115,Clothing,950,3.5,16,141,18,11,2023
971,116,Beauty,700,3.9,26,159,18,11,2023
972,105,Electronics,60,4.8,27,178,19,11,2023
973,105,Electronics,60,3.5,22,132,19,11,2023
974,112,Electronics,850,4.1,22,104,19,11,2023
975,106,Home & Kitchen,800,4.0,17,113,20,11,2023
976,101,Beauty,500,5.0,12,130,20,11,2023
977,110,Beauty,70,4.2,21,140,20,11,2023
978,107,Clothing,400,3.6,13,135,21,11,2023
979,109,Electronics,90,4.0,10,80,21,11,2023
980,110,Electronics,70,3.6,17,171,21,11,2023
981,108,Electronics,120,3.2,24,136,22,11,2023
982,103,Electronics,200,3.0,14,88,22,11,2023
983,106,Electronics,800,4.8,22,155,22,11,2023
984,102,Home & Kitchen,50,3.1,12,70,23,11,2023
985,109,Electronics,90,3.0,16,90,23,11,2023
986,116,Electronics,700,4.7,19,174,23,11,2023
987,103,Home & Kitchen,200,3.0,26,86,24,11,2023
988,106,Clothing,800,3.5,12,149,24,11,2023
989,105,Electronics,60,4.9,15,110,24,11,2023
990,107,Home & Kitchen,400,3.0,27,65,25,11,2023
991,108,Clothing,120,3.5,11,163,25,11,2023
992,102,Clothing,50,4.4,14,86,25,11,2023
993,113,Beauty,450,4.9,17,134,26,11,2023
994,111,Electronics,1000,3.2,14,89,26,11,2023
995,114,Electronics,125,3.4,27,178,26,11,2023
996,106,Beauty,800,3.7,12,100,27,11,2023
997,107,Electronics,400,4.5,16,135,27,11,2023
998,107,Electronics,400,3.3,15,175,27,11,2023
999,109,Beauty,90,3.7,16,67,28,11,2023
1000,106,Home & Kitchen,800,4.4,28,83,28,11,2023
1001,106,Beauty,800,4.2,26,88,28,11,2023
1002,115,Beauty,950,4.3,14,64,29,11,2023
1003,115,Electronics,950,4.1,14,127,29,11,2023
1004,108,Electronics,120,4.1,28,176,29,11,2023
1005,104,Electronics,30,4.6,25,175,30,11,2023
